{
    "player1_win_probability": 0.499320013599728,
    "player2_win_probability": 0.500679986400272
}